Count,Tradelist Count,Name,Edition,Card Number,Condition,Language,Foil,Signed,Artist Proof,Altered Art,Misprint,Promo,Textless,My Price
1,0,Academy Ruins,Time Spiral,269,Near Mint,English,,,,,,,,
1,0,Acidic Slime,Magic 2012,161,Near Mint,English,,,,,,,,0
1,0,Acidic Sliver,Premium Deck Series: Slivers,13,Near Mint,English,foil,,,,,,,0
2,0,Acquire,Fifth Dawn,21,Near Mint,English,,,,,,,,
1,0,Aether Chaser,Aether Revolt,76,Near Mint,English,,,,,,,,0
1,0,Aether Inspector,Aether Revolt,3,Near Mint,English,,,,,,,,0
1,0,Aether Poisoner,Aether Revolt,51,Near Mint,English,foil,,,,,,,0
1,0,Akoum Refuge,Duel Decks: Zendikar vs. Eldrazi,67,Near Mint,English,,,,,,,,
1,0,"Alesha, Who Smiles at Death",Commander 2016,119,Near Mint,English,,,,,,,,0
1,0,Aligned Hedron Network,Battle for Zendikar,222,Near Mint,English,,,,,,,,
1,0,Alpha Status,Scourge,110,Near Mint,English,,,,,,,,
1,0,Altar of the Brood,Khans of Tarkir,216,Near Mint,English,,,,,,,,
1,0,Amoeboid Changeling,Premium Deck Series: Slivers,3,Near Mint,English,foil,,,,,,,0
2,0,Amulet of Vigor,Worldwake,121,Near Mint,English,,,,,,,,0
1,0,Ancient Ziggurat,Premium Deck Series: Slivers,31,Near Mint,English,foil,,,,,,,0
1,0,Animate Dead,Premium Deck Series: Graveborn,16,Near Mint,English,foil,,,,,,,0
1,0,"Anowon, the Ruin Sage",Worldwake,49,Near Mint,English,,,,,,,,
1,0,Aphetto Dredging,Premium Deck Series: Slivers,28,Near Mint,English,foil,,,,,,,0
1,0,Arachnogenesis,Commander 2015,32,Near Mint,English,,,,,,,,
1,0,Arbiter of Knollridge,Commander 2015,59,Near Mint,English,,,,,,,,
1,0,Arbor Elf,Worldwake,95,Near Mint,English,,,,,,,,0
1,0,Arcanis the Omnipotent,Duel Decks: Speed vs. Cunning,42,Near Mint,English,foil,,,,,,,0
1,0,Armillary Sphere,Commander,242,Near Mint,English,,,,,,,,0
1,0,Ascendant Evincar,Nemesis,51,Near Mint,English,,,,,,,,0
1,0,Asceticism,Scars of Mirrodin,110,Near Mint,English,,,,,,,,
1,0,Attrition,Urza's Destiny,52,Near Mint,English,,,,,,,,0
1,0,"Aurelia, the Warleader",Gatecrash,143,Near Mint,English,,,,,,,,0
1,0,Avatar of Woe,Premium Deck Series: Graveborn,6,Near Mint,English,foil,,,,,,,0
1,0,Avian Changeling,Lorwyn,4,Near Mint,English,foil,,,,,,,0
1,0,"Azusa, Lost but Seeking",Champions of Kamigawa,201,Near Mint,English,,,,,,,,0
1,0,Baku Altar,Betrayers of Kamigawa,152,Near Mint,English,,,,,,,,
1,0,Bane of Progress,Commander 2015,175,Near Mint,English,,,,,,,,
1,0,Banefire,Duel Decks: Speed vs. Cunning,31,Near Mint,English,,,,,,,,0
1,0,Baneful Omen,Rise of the Eldrazi,96,Near Mint,English,,,,,,,,
1,0,Banishing Light,Commander 2015,61,Near Mint,English,,,,,,,,
1,0,Battering Sliver,Planar Chaos,95,Near Mint,English,,,,,,,,
1,0,Beacon of Immortality,Tenth Edition,10,Near Mint,English,,,,,,,,
1,0,Beastmaster Ascension,Commander 2014,186,Near Mint,English,,,,,,,,0
1,0,Beastmaster Ascension,Commander 2015,176,Near Mint,English,,,,,,,,0
1,0,Beetleback Chief,Duel Decks: Speed vs. Cunning,14,Near Mint,English,,,,,,,,0
1,0,Bident of Thassa,Commander 2015,86,Near Mint,English,,,,,,,,
1,0,Biomantic Mastery,Commander 2015,239,Near Mint,English,,,,,,,,
1,0,Black Sun's Zenith,Mirrodin Besieged,39,Near Mint,English,,,,,,,,
2,0,Blackcleave Cliffs,Scars of Mirrodin,224,Near Mint,English,,,,,,,,
1,0,Blade of Selves,Commander 2015,51,Near Mint,English,,,,,,,,
1,0,Blade of the Bloodchief,Zendikar,196,Near Mint,English,foil,,,,,,,0
3,0,Blade of the Bloodchief,Zendikar,196,Near Mint,English,,,,,,,,
1,0,Blazing Archon,Premium Deck Series: Graveborn,11,Near Mint,English,foil,,,,,,,0
1,0,Blessing of Leeches,Betrayers of Kamigawa,62,Near Mint,English,,,,,,,,
1,0,Blight Herder,Battle for Zendikar,2,Near Mint,English,,,,,,,,
2,0,Blighted Agent,New Phyrexia,29,Near Mint,English,,,,,,,,
2,0,Blighted Woodland,Battle for Zendikar,233,Near Mint,English,,,,,,,,0
1,0,Blood Tribute,Zendikar,81,Near Mint,English,,,,,,,,
1,0,Bloodchief Ascension,Zendikar,82,Near Mint,English,foil,,,,,,,0
1,0,Bloodfell Caves,Khans of Tarkir,229,Near Mint,English,,,,,,,,0
1,0,Bloodghast,Zendikar,83,Near Mint,English,,,,,,,,
1,0,Bloodline Keeper,Innistrad,90,Near Mint,English,,,,,,,,
1,0,Bloodlord of Vaasgoth,Prerelease Events,50,Near Mint,English,,,,,,,,0
1,0,Blue Sun's Zenith,Mirrodin Besieged,20,Near Mint,English,,,,,,,,0
1,0,Blunt the Assault,Scars of Mirrodin,113,Near Mint,English,,,,,,,,
2,0,Bojuka Bog,Worldwake,132,Near Mint,English,,,,,,,,0
1,0,Bonehoard,Mirrodin Besieged,100,Near Mint,English,,,,,,,,0
1,0,Boreal Shelf,Coldsnap,144,Near Mint,English,,,,,,,,
1,0,Boros Charm,Commander 2016,185,Near Mint,English,,,,,,,,0
1,0,Boros Cluestone,Commander 2015,246,Near Mint,English,,,,,,,,
1,0,Boros Garrison,Commander 2015,279,Near Mint,English,,,,,,,,0
1,0,Boros Guildgate,Commander 2015,280,Near Mint,English,,,,,,,,0
1,0,Boros Signet,Commander 2015,247,Near Mint,English,,,,,,,,0
1,0,Brainstorm,Commander,40,Near Mint,English,,,,,,,,0
1,0,Brave the Sands,Khans of Tarkir,5,Near Mint,English,,,,,,,,0
1,0,Brawn,Judgment,107,Near Mint,English,foil,,,,,,,0
1,0,Bred for the Hunt,Dragon's Maze,59,Near Mint,English,,,,,,,,0
1,0,Brood Sliver,Premium Deck Series: Slivers,22,Near Mint,English,foil,,,,,,,0
1,0,Broodstar,Mirrodin,31,Poor,English,,,,,,,,0
1,0,Buried Alive,Premium Deck Series: Graveborn,20,Near Mint,English,foil,,,,,,,0
1,0,Butcher of Malakir,Worldwake,53,Near Mint,English,,,,,,,,0
1,0,Cabal Coffers,Torment,139,Near Mint,English,,,,,,,,
1,0,Caged Sun,New Phyrexia,132,Near Mint,English,,,,,,,,
1,0,Call to the Kindred,Dark Ascension,30,Near Mint,English,,,,,,,,
1,0,Capsize,Tempest,55,Near Mint,English,,,,,,,,
1,0,Captain of the Watch,Duel Decks: Elspeth vs. Kiora,3,Near Mint,English,,,,,,,,0
1,0,Captivating Vampire,Magic 2011,87,Near Mint,English,foil,,,,,,,0
1,0,Carnage Altar,Commander 2013,238,Near Mint,English,,,,,,,,0
1,0,Cathars' Crusade,Commander 2016,61,Near Mint,English,,,,,,,,0
1,0,Cathartic Reunion,Kaladesh,109,Near Mint,English,,,,,,,,
1,0,Cautery Sliver,Planar Chaos,154,Near Mint,English,,,,,,,,
1,0,Chain Reaction,Worldwake,74,Near Mint,English,,,,,,,,0
1,0,Champion of the Parish,Innistrad,6,Near Mint,English,,,,,,,,
1,0,Chancellor of the Dross,New Phyrexia,54,Near Mint,English,,,,,,,,
1,0,Channel the Suns,Fifth Dawn,84,Near Mint,English,,,,,,,,
1,0,Clearwater Goblet,Fifth Dawn,109,Near Mint,English,,,,,,,,
1,0,Clever Impersonator,Khans of Tarkir,34,Near Mint,English,,,,,,,,
1,0,Clone,Magic 2011,49,Near Mint,English,,,,,,,,0
1,0,Clot Sliver,Premium Deck Series: Slivers,5,Near Mint,English,foil,,,,,,,0
1,0,Cloud Sprite,Tenth Edition,75,Near Mint,English,,,,,,,,
1,0,Coalition Relic,Duel Decks: Phyrexia vs. the Coalition,54,Near Mint,English,,,,,,,,0
1,0,Coat of Arms,Duels of the Planeswalkers,90,Near Mint,English,,,,,,,,0
1,0,Coat of Arms,Premium Deck Series: Slivers,29,Near Mint,English,foil,,,,,,,0
1,0,Cobbled Wings,Innistrad,219,Near Mint,English,,,,,,,,
1,0,Cobra Trap,Commander 2015,180,Near Mint,English,,,,,,,,
1,0,Coiling Oracle,Duel Decks: Elspeth vs. Kiora,51,Near Mint,English,,,,,,,,0
1,0,Coiling Oracle,Commander 2015,213,Near Mint,English,,,,,,,,0
1,0,Cold-Eyed Selkie,Commander 2015,241,Near Mint,English,,,,,,,,
1,0,Collective Effort,Eldritch Moon,17,Near Mint,English,,,,,,,,
1,0,Collective Unconscious,Commander 2014,187,Near Mint,English,,,,,,,,0
1,0,Colossus of Akros,Theros,214,Near Mint,English,,,,,,,,
1,0,Command Beacon,Commander 2015,56,Near Mint,English,,,,,,,,
2,0,Command Tower,Commander,269,Near Mint,English,,,,,,,,0
1,0,Command Tower,Commander 2013,281,Near Mint,English,,,,,,,,0
1,0,Command Tower,Commander 2015,281,Near Mint,English,,,,,,,,0
1,0,Commander's Sphere,Commander 2014,54,Near Mint,English,,,,,,,,0
1,0,Composite Golem,Fifth Dawn,111,Near Mint,English,,,,,,,,0
1,0,Conduit of Ruin,Battle for Zendikar,4,Near Mint,English,,,,,,,,
1,0,Consuming Vapors,Rise of the Eldrazi,101,Near Mint,English,,,,,,,,
1,0,Contagion Engine,Scars of Mirrodin,145,Near Mint,English,,,,,,,,
1,0,Conundrum Sphinx,Commander,42,Near Mint,English,,,,,,,,0
1,0,Copperhorn Scout,Scars of Mirrodin,116,Near Mint,English,,,,,,,,
1,0,Creeperhulk,Commander 2014,42,Near Mint,English,,,,,,,,
2,0,Creepy Doll,Innistrad,220,Near Mint,English,,,,,,,,
1,0,Crucible of Worlds,Fifth Dawn,114,Near Mint,English,,,,,,,,0
1,0,Cruel Edict,Magic Player Rewards,21,Near Mint,English,,,,,,,,0
1,0,Crystal Vein,Commander 2014,289,Near Mint,English,,,,,,,,0
1,0,Crystalline Sliver,Premium Deck Series: Slivers,11,Near Mint,English,foil,,,,,,,0
1,0,Cultivate,Commander,148,Near Mint,English,,,,,,,,0
1,0,Cultivate,Magic 2011,168,Near Mint,English,,,,,,,,0
1,0,Damnation,Planar Chaos,85,Near Mint,English,,,,,,,,
1,0,Darkheart Sliver,Planar Chaos,155,Near Mint,English,,,,,,,,
1,0,Darksteel Ingot,Commander 2015,251,Near Mint,English,,,,,,,,0
2,0,Darksteel Juggernaut,Scars of Mirrodin,150,Near Mint,English,,,,,,,,
1,0,Dawn Charm,Planar Chaos,4,Near Mint,English,,,,,,,,
1,0,Dawnbreak Reclaimer,Commander 2015,2,Near Mint,English,,,,,,,,
1,0,Day of the Dragons,Commander 2015,91,Near Mint,English,,,,,,,,
1,0,Declaration in Stone,Shadows over Innistrad,12,Near Mint,English,foil,,,,,,,0
1,0,Decree of Justice,Duel Decks: Elspeth vs. Kiora,7,Near Mint,English,,,,,,,,0
1,0,Deflecting Palm,Khans of Tarkir,173,Near Mint,English,,,,,,,,0
1,0,Deprive,Rise of the Eldrazi,59,Near Mint,English,,,,,,,,
1,0,Desert Twister,Commander 2014,188,Near Mint,English,,,,,,,,0
1,0,Desolation Twin,Battle for Zendikar,6,Near Mint,English,,,,,,,,
1,0,Devil's Play,Innistrad,140,Near Mint,English,,,,,,,,0
1,0,Diabolic Revelation,Magic 2013,87,Near Mint,English,,,,,,,,0
1,0,Diabolic Tutor,Magic 2012,92,Near Mint,English,,,,,,,,0
1,0,Diabolic Tutor,Kaladesh,75,Near Mint,English,,,,,,,,
1,0,Dictate of Heliod,Duel Decks: Elspeth vs. Kiora,8,Near Mint,English,,,,,,,,0
1,0,Dig Through Time,Khans of Tarkir,36,Near Mint,English,,,,,,,,
1,0,Disallow,Aether Revolt,31,Near Mint,English,,,,,,,,
1,0,Disaster Radius,Rise of the Eldrazi,141,Near Mint,English,,,,,,,,0
1,0,Disciple of Bolas,Magic 2013,88,Near Mint,English,,,,,,,,0
1,0,Disrupting Scepter,Eighth Edition,298,Near Mint,English,foil,,,,,,,0
1,0,Dissipation Field,Scars of Mirrodin,32,Near Mint,English,,,,,,,,
1,0,Distant Melody,Premium Deck Series: Slivers,27,Near Mint,English,foil,,,,,,,0
2,0,Dormant Gomazoa,Rise of the Eldrazi,62,Near Mint,English,,,,,,,,
1,0,Dormant Sliver,Planar Chaos,156,Near Mint,English,,,,,,,,
1,0,Dragon Throne of Tarkir,Khans of Tarkir,219,Near Mint,English,,,,,,,,
2,0,Dragonskull Summit,Magic 2011,223,Near Mint,English,foil,,,,,,,0
1,0,"Drana, Kalastria Bloodchief",Rise of the Eldrazi,107,Near Mint,English,,,,,,,,
1,0,Dreamstone Hedron,Commander 2015,252,Near Mint,English,,,,,,,,
1,0,Drove of Elves,Commander 2014,189,Near Mint,English,,,,,,,,0
1,0,Drowner of Hope,Battle for Zendikar,57,Near Mint,English,,,,,,,,
1,0,Duergar Hedge-Mage,Eventide,137,Near Mint,English,,,,,,,,0
1,0,Dungeon Geists,Dark Ascension,36,Near Mint,English,,,,,,,,
2,0,Echo Mage,Rise of the Eldrazi,64,Near Mint,English,,,,,,,,
1,0,Edge of the Divinity,Eventide,87,Near Mint,English,,,,,,,,
1,0,"Edric, Spymaster of Trest",Commander,196,Near Mint,English,,,,,,,,0
1,0,Eldrazi Conscription,Rise of the Eldrazi,3,Near Mint,English,,,,,,,,
1,0,"Elspeth, Sun's Champion",Duel Decks: Elspeth vs. Kiora,1,Near Mint,English,foil,,,,,,,0
1,0,Elvish Archdruid,Commander 2014,190,Near Mint,English,,,,,,,,0
1,0,Elvish Champion,Duels of the Planeswalkers,60,Near Mint,English,,,,,,,,0
1,0,Elvish Mystic,Commander 2014,191,Near Mint,English,,,,,,,,0
1,0,Elvish Promenade,Duels of the Planeswalkers,62,Near Mint,English,,,,,,,,0
1,0,Elvish Skysweeper,Commander 2014,192,Near Mint,English,,,,,,,,0
1,0,Elvish Visionary,Commander 2014,193,Near Mint,English,,,,,,,,0
1,0,Elvish Visionary,Commander 2015,182,Near Mint,English,,,,,,,,
1,0,Emerald Medallion,Commander 2014,237,Near Mint,English,,,,,,,,0
1,0,Emeria Shepherd,Battle for Zendikar,22,Near Mint,English,,,,,,,,
1,0,Endless Whispers,Fifth Dawn,49,Near Mint,English,,,,,,,,
1,0,Entomb,Premium Deck Series: Graveborn,14,Near Mint,English,foil,,,,,,,0
1,0,Entomber Exarch,New Phyrexia,59,Near Mint,English,foil,,,,,,,0
1,0,Essence Sliver,"Time Spiral ""Timeshifted""",8,Near Mint,English,,,,,,,,
1,0,Essence Warden,Commander 2014,194,Near Mint,English,,,,,,,,0
1,0,Eternal Witness,Commander 2015,183,Near Mint,English,,,,,,,,
2,0,Eternal Witness,Fifth Dawn,86,Near Mint,English,,,,,,,,0
1,0,Evolution Charm,Planar Chaos,127,Near Mint,English,,,,,,,,
1,0,Evolving Wilds,Commander,272,Near Mint,English,,,,,,,,0
1,0,Evolving Wilds,Commander 2014,295,Near Mint,English,,,,,,,,0
1,0,Evolving Wilds,Commander 2015,283,Near Mint,English,,,,,,,,0
1,0,Evolving Wilds,Rise of the Eldrazi,228,Near Mint,English,,,,,,,,0
1,0,Evolving Wilds,Battle for Zendikar,236,Near Mint,English,,,,,,,,0
1,0,Exert Influence,Battle for Zendikar,77,Near Mint,English,,,,,,,,
1,0,Experiment One,Commander 2015,184,Near Mint,English,,,,,,,,
1,0,Explore,Duel Decks: Elspeth vs. Kiora,45,Near Mint,English,,,,,,,,0
2,0,Explorer's Scope,Zendikar,202,Near Mint,English,,,,,,,,0
1,0,Explosive Vegetation,Duel Decks: Elspeth vs. Kiora,46,Near Mint,English,,,,,,,,0
1,0,Explosive Vegetation,Commander,153,Near Mint,English,,,,,,,,0
1,0,Exquisite Blood,Avacyn Restored,102,Near Mint,English,,,,,,,,
1,0,Exsanguinate,Scars of Mirrodin,61,Near Mint,English,,,,,,,,
1,0,Ezuri's Predation,Commander 2015,36,Near Mint,English,,,,,,,,
1,0,"Ezuri, Claw of Progress",Commander 2015,44,Near Mint,English,,,,,,,,
1,0,"Ezuri, Renegade Leader",Commander 2014,195,Near Mint,English,,,,,,,,0
2,0,Fabled Hero,Theros,12,Near Mint,English,,,,,,,,
1,0,Faceless Butcher,Premium Deck Series: Graveborn,3,Near Mint,English,foil,,,,,,,0
1,0,Faerie Impostor,Duel Decks: Speed vs. Cunning,43,Near Mint,English,,,,,,,,0
1,0,Faithless Looting,Dark Ascension,87,Near Mint,English,,,,,,,,0
1,0,Farhaven Elf,Commander 2014,196,Near Mint,English,,,,,,,,0
1,0,Farseek,Ravnica: City of Guilds,163,Near Mint,English,,,,,,,,0
1,0,Farseek,Magic 2013,170,Near Mint,English,,,,,,,,0
1,0,Fatal Frenzy,Planar Chaos,98,Near Mint,English,,,,,,,,
1,0,Favor of the Overbeing,Eventide,151,Near Mint,English,,,,,,,,
1,0,Feed the Pack,Dark Ascension,114,Near Mint,English,,,,,,,,0
1,0,Felidar Sovereign,Battle for Zendikar,26,Near Mint,English,,,,,,,,
1,0,Fetid Heath,Eventide,176,Near Mint,English,,,,,,,,0
1,0,Fiend Hunter,Innistrad,15,Near Mint,English,,,,,,,,0
1,0,Fiend of the Shadows,Dark Ascension,62,Near Mint,English,,,,,,,,
1,0,Fierce Empath,Commander,155,Near Mint,English,,,,,,,,0
1,0,Fiery Confluence,Commander 2015,26,Near Mint,English,,,,,,,,0
1,0,Fireshrieker,Conspiracy,199,Near Mint,English,,,,,,,,0
1,0,Firewake Sliver,Time Spiral,238,Near Mint,English,,,,,,,,
1,0,Fleeting Image,Ninth Edition,78,Near Mint,English,,,,,,,,
1,0,Foil,Duel Decks: Elspeth vs. Tezzeret,70,Near Mint,English,,,,,,,,0
1,0,Forbid,Exodus,35,Near Mint,English,,,,,,,,
2,0,Forest,Zendikar,246,Near Mint,English,,,,,,,,0
1,0,Forest,Zendikar,247,Near Mint,English,,,,,,,,0
4,0,Forest,Zendikar,248,Near Mint,English,,,,,,,,0
5,0,Forest,Zendikar,249,Near Mint,English,,,,,,,,0
2,0,Forest,Battle for Zendikar,270,Near Mint,English,,,,,,,,0
1,0,Forest,Battle for Zendikar,271,Near Mint,English,,,,,,,,0
2,0,Forest,Battle for Zendikar,272,Near Mint,English,,,,,,,,0
2,0,Forest,Battle for Zendikar,273,Near Mint,English,,,,,,,,0
2,0,Forest,Battle for Zendikar,274,Near Mint,English,,,,,,,,0
1,0,Forgotten Ancient,Commander 2015,185,Near Mint,English,,,,,,,,0
1,0,Frenetic Sliver,Planar Chaos,157,Near Mint,English,,,,,,,,
1,0,Frenzy Sliver,Premium Deck Series: Slivers,6,Near Mint,English,foil,,,,,,,0
1,0,Fresh Meat,Commander 2014,197,Near Mint,English,,,,,,,,0
1,0,"Freyalise, Llanowar's Fury",Commander 2014,43,Near Mint,English,,,,,,,,
1,0,From Beyond,Battle for Zendikar,167,Near Mint,English,,,,,,,,
1,0,Fuel for the Cause,Mirrodin Besieged,25,Near Mint,English,,,,,,,,
1,0,Fungus Sliver,Premium Deck Series: Slivers,21,Near Mint,English,foil,,,,,,,0
1,0,Fury of the Horde,Duel Decks: Speed vs. Cunning,30,Near Mint,English,,,,,,,,0
1,0,Fury Sliver,Premium Deck Series: Slivers,25,Near Mint,English,foil,,,,,,,0
1,0,Garruk Wildspeaker,Commander,157,Near Mint,English,,,,,,,,0
1,0,Gatekeeper of Malakir,Zendikar,89,Near Mint,English,,,,,,,,
1,0,Gemhide Sliver,Premium Deck Series: Slivers,8,Near Mint,English,foil,,,,,,,0
1,0,Geralf's Mindcrusher,Dark Ascension,37,Near Mint,English,,,,,,,,
1,0,Ghirapur Orrery,Kaladesh,216,Near Mint,English,,,,,,,,
1,0,Ghost Quarter,Commander 2014,298,Near Mint,English,,,,,,,,0
1,0,Ghost Quarter,Innistrad,240,Near Mint,English,,,,,,,,0
1,0,Ghostfire Blade,Khans of Tarkir,220,Near Mint,English,,,,,,,,
1,0,Glistener Elf,New Phyrexia,111,Near Mint,English,,,,,,,,
1,0,Goblin Bombardment,Duel Decks: Speed vs. Cunning,24,Near Mint,English,,,,,,,,0
1,0,Goblin Bombardment,Commander 2013,110,Near Mint,English,,,,,,,,0
1,0,Godless Shrine,Guildpact,157,Near Mint,English,,,,,,,,0
2,0,Grand Architect,Scars of Mirrodin,33,Near Mint,English,,,,,,,,
1,0,Grave Pact,Ninth Edition,135,Near Mint,English,,,,,,,,0
1,0,Grave Sifter,Commander 2014,44,Near Mint,English,,,,,,,,
1,0,Grave Titan,Magic 2011,97,Near Mint,English,,,,,,,,0
1,0,Graven Cairns,Shadowmoor,272,Near Mint,English,,,,,,,,
1,0,Gravestorm,Odyssey,141,Near Mint,English,foil,,,,,,,0
1,0,Gravity Well,Rise of the Eldrazi,185,Near Mint,English,,,,,,,,
1,0,Greenwarden of Murasa,Battle for Zendikar,174,Near Mint,English,,,,,,,,0
1,0,Grim Flowering,Commander 2014,198,Near Mint,English,,,,,,,,0
1,0,Guardian of Tazeem,Battle for Zendikar,78,Near Mint,English,,,,,,,,
1,0,Gustcloak Savior,Duel Decks: Elspeth vs. Kiora,11,Near Mint,English,,,,,,,,0
1,0,Harmonic Sliver,Time Spiral,240,Near Mint,English,,,,,,,,
1,0,Harmonize,Planar Chaos,149,Near Mint,English,,,,,,,,0
1,0,Harrow,Duel Decks: Phyrexia vs. the Coalition,57,Near Mint,English,,,,,,,,0
1,0,Harrow,Commander 2014,199,Near Mint,English,,,,,,,,0
1,0,Haunted Fengraf,Commander 2014,300,Near Mint,English,,,,,,,,0
1,0,Havengul Runebinder,Dark Ascension,39,Near Mint,English,foil,,,,,,,0
1,0,Havoc Festival,Return to Ravnica,166,Near Mint,English,,,,,,,,
1,0,Heart Sliver,Premium Deck Series: Slivers,7,Near Mint,English,foil,,,,,,,0
1,0,Hedron Matrix,Rise of the Eldrazi,218,Near Mint,English,,,,,,,,
1,0,Heedless One,Onslaught,265,Near Mint,English,,,,,,,,
1,0,Herald of Anafenza,Khans of Tarkir,12,Near Mint,English,,,,,,,,
1,0,Hero's Downfall,Theros,90,Near Mint,English,,,,,,,,0
1,0,Hibernation Sliver,Premium Deck Series: Slivers,12,Near Mint,English,foil,,,,,,,0
1,0,Hibernation's End,Coldsnap,110,Near Mint,English,,,,,,,,
1,0,Hidden Strings,Dragon's Maze,12,Near Mint,English,foil,,,,,,,0
1,0,High Market,Commander 2015,289,Near Mint,English,,,,,,,,0
1,0,Hold the Line,Duel Decks: Speed vs. Cunning,66,Near Mint,English,,,,,,,,0
1,0,Homeward Path,Commander,277,Near Mint,English,,,,,,,,0
1,0,Homing Sliver,Premium Deck Series: Slivers,19,Near Mint,English,foil,,,,,,,0
1,0,Honor of the Pure,Magic 2012,23,Near Mint,English,,,,,,,,
1,0,Hooded Hydra,Khans of Tarkir,136,Near Mint,English,,,,,,,,
1,0,Horned Sliver,Tempest,128,Near Mint,English,,,,,,,,
1,0,Horrifying Revelation,Mirrodin Besieged,45,Near Mint,English,,,,,,,,
1,0,Hostility,Commander 2015,158,Near Mint,English,,,,,,,,0
1,0,Howling Mine,Commander,251,Near Mint,English,,,,,,,,0
1,0,"Hua Tuo, Honored Physician",Commander 2013,149,Near Mint,English,,,,,,,,0
1,0,Hull Breach,Commander,203,Near Mint,English,,,,,,,,0
1,0,Hunter Sliver,Legions,102,Near Mint,English,,,,,,,,
1,0,Hunting Triad,Commander 2014,200,Near Mint,English,,,,,,,,0
1,0,Hydra Broodmaster,Journey into Nyx,128,Near Mint,English,,,,,,,,
1,0,Icy Blast,Khans of Tarkir,42,Near Mint,English,,,,,,,,
1,0,Immaculate Magistrate,Duels of the Planeswalkers,70,Near Mint,English,foil,,,,,,,0
1,0,Imperious Perfect,Commander 2014,202,Near Mint,English,,,,,,,,0
1,0,Increasing Ambition,Dark Ascension,69,Near Mint,English,,,,,,,,
1,0,Increasing Devotion,Dark Ascension,11,Near Mint,English,,,,,,,,
1,0,Inkwell Leviathan,Premium Deck Series: Graveborn,10,Near Mint,English,foil,,,,,,,0
1,0,Inkwell Leviathan,Duel Decks: Elspeth vs. Kiora,37,Near Mint,English,,,,,,,,0
1,0,Insidious Dreams,Torment,66,Near Mint,English,,,,,,,,
1,0,Insidious Will,Kaladesh,52,Near Mint,English,,,,,,,,
1,0,Inspiring Statuary,Aether Revolt,160,Near Mint,English,,,,,,,,
1,0,Intervention Pact,Future Sight,8,Near Mint,English,,,,,,,,
1,0,Into the Core,Mirrodin Besieged,67,Near Mint,English,,,,,,,,0
2,0,Invisible Stalker,Innistrad,60,Near Mint,English,,,,,,,,
1,0,"Iroas, God of Victory",Commander 2016,205,Near Mint,English,,,,,,,,0
1,0,Island,Zendikar,234,Near Mint,English,,,,,,,,0
4,0,Island,Zendikar,235,Near Mint,English,,,,,,,,0
3,0,Island,Battle for Zendikar,256,Near Mint,English,,,,,,,,0
2,0,Island,Battle for Zendikar,257,Near Mint,English,,,,,,,,0
1,0,Island,Battle for Zendikar,258,Near Mint,English,,,,,,,,0
2,0,Island,Battle for Zendikar,259,Near Mint,English,,,,,,,,0
1,0,Isolated Chapel,Innistrad,242,Near Mint,English,,,,,,,,0
1,0,It That Betrays,Rise of the Eldrazi,7,Near Mint,English,,,,,,,,0
1,0,Ivory Mask,Ninth Edition,23,Near Mint,English,,,,,,,,
1,0,Ixidron,Time Spiral,65,Near Mint,English,,,,,,,,
1,0,Jagged-Scar Archers,Lorwyn,222,Near Mint,English,,,,,,,,
1,0,Jar of Eyeballs,Commander 2013,244,Near Mint,English,,,,,,,,0
1,0,Jar of Eyeballs,Dark Ascension,152,Near Mint,English,,,,,,,,
1,0,"Jin-Gitaxias, Core Augur",New Phyrexia,37,Near Mint,English,,,,,,,,
1,0,Jinxed Idol,Magic 2011,208,Near Mint,English,,,,,,,,
1,0,Joiner Adept,Fifth Dawn,89,Near Mint,English,,,,,,,,0
1,0,Jokulmorder,Coldsnap,37,Near Mint,English,,,,,,,,
1,0,Joraga Warcaller,Commander 2014,203,Near Mint,English,,,,,,,,0
1,0,Journey to Nowhere,Zendikar,14,Near Mint,English,,,,,,,,
1,0,Jund Panorama,Commander 2013,298,Near Mint,English,,,,,,,,0
1,0,Jungle Basin,Commander 2014,302,Near Mint,English,,,,,,,,0
1,0,Kalemne's Captain,Commander 2015,5,Near Mint,English,,,,,,,,
1,0,"Kalitas, Bloodchief of Ghet",Zendikar,99,Near Mint,English,,,,,,,,
1,0,"Kaseto, Orochi Archmage",Commander 2015,47,Near Mint,English,,,,,,,,
1,0,Kathari Bomber,Duel Decks: Speed vs. Cunning,11,Near Mint,English,,,,,,,,0
1,0,Khalni Garden,Worldwake,138,Near Mint,English,,,,,,,,
1,0,Khalni Gem,Zendikar,205,Near Mint,English,,,,,,,,0
1,0,Kheru Spellsnatcher,Khans of Tarkir,45,Near Mint,English,,,,,,,,
1,0,Kiora's Follower,Duel Decks: Elspeth vs. Kiora,52,Near Mint,English,,,,,,,,0
4,0,Knowledge Pool,Mirrodin Besieged,111,Near Mint,English,,,,,,,,
1,0,Kodama's Reach,Commander,163,Near Mint,English,,,,,,,,0
1,0,Kodama's Reach,Commander 2015,188,Near Mint,English,,,,,,,,0
1,0,Krosan Grip,Commander 2015,189,Near Mint,English,,,,,,,,
1,0,Kruin Outlaw,Innistrad,152,Near Mint,English,,,,,,,,
2,0,Laboratory Maniac,Innistrad,61,Near Mint,English,,,,,,,,
1,0,Lantern Scout,Battle for Zendikar,37,Near Mint,English,,,,,,,,
1,0,Lantern Spirit,Innistrad,62,Near Mint,English,foil,,,,,,,0
3,0,Lashwrithe,New Phyrexia,143,Near Mint,English,,,,,,,,
1,0,Lavaclaw Reaches,Worldwake,139,Near Mint,English,,,,,,,,
1,0,Legion's Initiative,Dragon's Maze,81,Near Mint,English,,,,,,,,0
1,0,Life's Finale,New Phyrexia,65,Near Mint,English,,,,,,,,
1,0,Light from Within,Eventide,10,Near Mint,English,,,,,,,,
1,0,Lightning Coils,Mirrodin,198,Near Mint,English,,,,,,,,
1,0,Lightning Greaves,Duel Decks: Phyrexia vs. the Coalition,19,Near Mint,English,,,,,,,,0
1,0,Lightning Greaves,Commander,253,Near Mint,English,,,,,,,,0
1,0,Lightning Greaves,Commander 2015,257,Near Mint,English,,,,,,,,0
1,0,Lightning Greaves,Mirrodin,199,Near Mint,English,,,,,,,,0
1,0,Liliana Vess,"Duel Decks Anthology, Garruk vs. Liliana",32,Near Mint,English,foil,,,,,,,0
1,0,Living Death,Duel Decks: Phyrexia vs. the Coalition,31,Near Mint,English,,,,,,,,0
1,0,Llanowar Elves,Commander 2014,204,Near Mint,English,,,,,,,,0
1,0,Llanowar Elves,Magic 2012,182,Near Mint,English,,,,,,,,0
1,0,Llanowar Reborn,Commander 2015,293,Near Mint,English,,,,,,,,
1,0,Lorescale Coatl,Duel Decks: Elspeth vs. Kiora,53,Near Mint,English,,,,,,,,0
1,0,Lorescale Coatl,Commander 2015,225,Near Mint,English,,,,,,,,
1,0,Loreseeker's Stone,Commander 2014,56,Near Mint,English,,,,,,,,
1,0,Loxodon Warhammer,Commander 2015,258,Near Mint,English,,,,,,,,0
2,0,Ludevic's Test Subject,Innistrad,64,Near Mint,English,,,,,,,,
1,0,Lumbering Falls,Battle for Zendikar,239,Near Mint,English,,,,,,,,
1,0,Lys Alana Huntmaster,Commander 2014,205,Near Mint,English,,,,,,,,0
1,0,Magma Jet,Fifth Dawn,73,Near Mint,English,,,,,,,,0
1,0,Magmatic Force,Commander,128,Near Mint,English,,,,,,,,0
1,0,Magmaw,Rise of the Eldrazi,158,Near Mint,English,,,,,,,,0
1,0,Magus of the Coffers,Planar Chaos,73,Near Mint,English,,,,,,,,
1,0,Malakir Bloodwitch,Zendikar,100,Near Mint,English,,,,,,,,
1,0,Manalith,Magic 2012,212,Near Mint,English,,,,,,,,0
1,0,Maralen of the Mornsong,Morningtide,65,Near Mint,English,,,,,,,,
1,0,Mardu Ascendancy,Khans of Tarkir,185,Near Mint,English,foil,,,,,,,0
1,0,Mardu Banner,Khans of Tarkir,224,Near Mint,English,,,,,,,,0
1,0,Mardu Hordechief,Khans of Tarkir,17,Near Mint,English,,,,,,,,0
1,0,Marsh Flats,Zendikar,219,Near Mint,English,,,,,,,,0
1,0,Martyr's Bond,Commander,19,Near Mint,English,,,,,,,,
1,0,Masked Admirers,Commander 2014,206,Near Mint,English,,,,,,,,0
1,0,Master of Etherium,Duel Decks: Elspeth vs. Tezzeret,48,Near Mint,English,,,,,,,,0
1,0,Master of Etherium,Shards of Alara,49,Near Mint,English,,,,,,,,0
1,0,Master of Pearls,Khans of Tarkir,18,Near Mint,English,,,,,,,,
1,0,Master Trinketeer,Kaladesh,21,Near Mint,English,,,,,,,,
1,0,Mentor of the Meek,Commander 2016,69,Near Mint,English,,,,,,,,0
1,0,Mesmeric Sliver,Future Sight,53,Near Mint,English,,,,,,,,
1,0,Might Sliver,Premium Deck Series: Slivers,23,Near Mint,English,foil,,,,,,,0
1,0,Mind Stone,Commander 2015,259,Near Mint,English,,,,,,,,0
1,0,Mindcrank,New Phyrexia,144,Near Mint,English,,,,,,,,
1,0,Mindlash Sliver,Time Spiral,118,Near Mint,English,,,,,,,,
1,0,Mindshrieker,Innistrad,67,Near Mint,English,,,,,,,,
1,0,Mirror Match,Commander 2015,13,Near Mint,English,,,,,,,,
1,0,Mirrorworks,Mirrodin Besieged,114,Near Mint,English,,,,,,,,
1,0,Mishra's Factory,Duel Decks: Elspeth vs. Tezzeret,73,Near Mint,English,,,,,,,,0
1,0,Mistform Sliver,Legions,46,Near Mint,English,,,,,,,,
1,0,Mitotic Manipulation,Mirrodin Besieged,27,Near Mint,English,,,,,,,,
1,0,Moss Diamond,Commander 2014,252,Near Mint,English,,,,,,,,0
1,0,Mosswort Bridge,Commander 2015,294,Near Mint,English,,,,,,,,0
1,0,Mother of Runes,Duel Decks: Elspeth vs. Kiora,20,Near Mint,English,,,,,,,,0
2,0,Mountain,Unhinged,139,Near Mint,English,,,,,,,,0
1,0,Mountain,Zendikar,242,Near Mint,English,,,,,,,,0
1,0,Mountain,Zendikar,243,Near Mint,English,,,,,,,,0
2,0,Mountain,Zendikar,244,Near Mint,English,,,,,,,,0
4,0,Mountain,Zendikar,245,Near Mint,English,,,,,,,,0
1,0,Mountain,Battle for Zendikar,266,Near Mint,English,,,,,,,,0
1,0,Mountain,Battle for Zendikar,268,Near Mint,English,,,,,,,,0
1,0,Mountain,Battle for Zendikar,268,Near Mint,English,foil,,,,,,,0
2,0,Mountain,Battle for Zendikar,269,Near Mint,English,,,,,,,,0
1,0,Mulldrifter,Commander 2015,97,Near Mint,English,,,,,,,,
1,0,Muscle Sliver,Premium Deck Series: Slivers,9,Near Mint,English,foil,,,,,,,0
1,0,Mycosynth Golem,Fifth Dawn,137,Near Mint,English,,,,,,,,
1,0,Myr Welder,Mirrodin Besieged,118,Near Mint,English,,,,,,,,
1,0,Myriad Landscape,Commander 2014,61,Near Mint,English,,,,,,,,0
1,0,Mystic Snake,Commander 2015,228,Near Mint,English,,,,,,,,
1,0,Nahiri's Wrath,Eldritch Moon,137,Near Mint,English,,,,,,,,0
1,0,Necrotic Sliver,Premium Deck Series: Slivers,20,Near Mint,English,foil,,,,,,,0
1,0,Negate,Magic 2013,62,Near Mint,English,,,,,,,,0
1,0,Nephalia Moondrakes,Shadows over Innistrad,75,Near Mint,English,,,,,,,,
1,0,Nettlevine Blight,Lorwyn,131,Near Mint,English,,,,,,,,
1,0,Neurok Invisimancer,Scars of Mirrodin,37,Near Mint,English,,,,,,,,
1,0,Nissa Revane,Zendikar,170,Near Mint,English,,,,,,,,
1,0,Nissa's Chosen,Zendikar,171,Near Mint,English,,,,,,,,
1,0,Nissa's Renewal,Battle for Zendikar,180,Near Mint,English,,,,,,,,0
1,0,Nomad Outpost,Duel Decks: Speed vs. Cunning,34,Near Mint,English,,,,,,,,0
1,0,Norn's Annex,New Phyrexia,17,Near Mint,English,,,,,,,,0
1,0,Not of This World,Rise of the Eldrazi,8,Near Mint,English,,,,,,,,
1,0,"Novijen, Heart of Progress",Commander 2015,296,Near Mint,English,,,,,,,,
1,0,Oblivion Ring,Magic 2012,27,Near Mint,English,,,,,,,,0
1,0,Oblivion Ring,Magic 2013,22,Near Mint,English,,,,,,,,0
1,0,Ogre Battledriver,Duel Decks: Speed vs. Cunning,16,Near Mint,English,,,,,,,,0
1,0,Ohran Viper,Commander 2015,194,Near Mint,English,,,,,,,,
1,0,Olivia Voldaren,Innistrad,215,Near Mint,English,,,,,,,,
1,0,"Omnath, Locus of Mana",Worldwake,109,Near Mint,English,,,,,,,,0
1,0,"Omnath, Locus of Rage",Battle for Zendikar,217,Near Mint,English,,,,,,,,0
1,0,One with Nature,Scourge,125,Near Mint,English,,,,,,,,0
1,0,Opal Palace,Commander 2013,310,Near Mint,English,,,,,,,,0
1,0,"Oran-Rief, the Vastwood",Commander 2014,305,Near Mint,English,,,,,,,,0
1,0,"Oran-Rief, the Vastwood",Commander 2015,297,Near Mint,English,,,,,,,,
1,0,Orochi Hatchery,Commander 2015,260,Near Mint,English,,,,,,,,
1,0,Orzhov Basilica,Commander,283,Near Mint,English,,,,,,,,0
1,0,Overbeing of Myth,Eventide,157,Near Mint,English,,,,,,,,
1,0,Overrun,Commander 2014,207,Near Mint,English,,,,,,,,0
1,0,Overrun,Commander 2015,195,Near Mint,English,,,,,,,,
1,0,Overwhelming Stampede,Commander 2014,208,Near Mint,English,,,,,,,,0
1,0,Overwhelming Stampede,Magic 2011,189,Near Mint,English,,,,,,,,0
1,0,Ovinize,Planar Chaos,57,Near Mint,English,,,,,,,,
1,0,Paraselene,Innistrad,26,Near Mint,English,,,,,,,,
1,0,Patagia Viper,Commander 2015,197,Near Mint,English,,,,,,,,
1,0,Patron of the Moon,Betrayers of Kamigawa,45,Near Mint,English,,,,,,,,
1,0,Peacewalker Colossus,Aether Revolt,170,Near Mint,English,,,,,,,,
1,0,Pemmin's Aura,Scourge,45,Near Mint,English,,,,,,,,
1,0,Pentavus,Duel Decks: Elspeth vs. Tezzeret,58,Near Mint,English,,,,,,,,0
1,0,Phantom Warrior,Tenth Edition,96,Near Mint,German,,,,,,,,0
1,0,Phyrexian Arena,Duel Decks: Phyrexia vs. the Coalition,27,Near Mint,English,,,,,,,,0
1,0,Phyrexian Colossus,Duel Decks: Phyrexia vs. the Coalition,16,Near Mint,English,,,,,,,,0
1,0,Phyrexian Metamorph,Launch Parties,14,Near Mint,English,foil,,,,,,,0
1,0,Phyrexian Processor,Duel Decks: Phyrexia vs. the Coalition,29,Near Mint,English,,,,,,,,0
1,0,Plague Boiler,Commander 2013,254,Near Mint,English,,,,,,,,0
1,0,Plague Wind,Prophecy,74,Near Mint,English,,,,,,,,0
1,0,Plains,Zendikar,231,Near Mint,English,,,,,,,,0
2,0,Plains,Zendikar,233,Near Mint,English,,,,,,,,0
1,0,Plains,Battle for Zendikar,251,Near Mint,English,,,,,,,,0
1,0,Plains,Battle for Zendikar,253,Near Mint,English,,,,,,,,0
1,0,Plains,Battle for Zendikar,254,Near Mint,English,foil,,,,,,,0
2,0,Plains,Battle for Zendikar,254,Near Mint,English,,,,,,,,0
1,0,Planar Outburst,Battle for Zendikar,42,Near Mint,English,,,,,,,,0
1,0,Plasm Capture,Duel Decks: Elspeth vs. Kiora,55,Near Mint,English,,,,,,,,0
1,0,Plated Sliver,Legions,19,Near Mint,English,,,,,,,,
1,0,Plaxmanta,Commander 2015,100,Near Mint,English,,,,,,,,
1,0,Ponyback Brigade,Khans of Tarkir,191,Near Mint,English,,,,,,,,0
1,0,Poultice Sliver,Planar Chaos,11,Near Mint,English,foil,,,,,,,0
1,0,Praetor's Counsel,Commander 2014,209,Near Mint,English,,,,,,,,0
1,0,Praetor's Counsel,Mirrodin Besieged,88,Near Mint,English,,,,,,,,0
1,0,Praetor's Grasp,New Phyrexia,71,Near Mint,English,,,,,,,,
1,0,Precinct Captain,Duel Decks: Elspeth vs. Kiora,22,Near Mint,English,,,,,,,,0
1,0,"Predator, Flagship",Commander 2014,263,Near Mint,English,,,,,,,,0
1,0,Priest of Titania,Commander 2014,210,Near Mint,English,,,,,,,,0
1,0,Primal Vigor,Commander 2013,162,Near Mint,English,,,,,,,,
1,0,Prime Speaker Zegana,Commander 2015,230,Near Mint,English,,,,,,,,
1,0,Primordial Sage,Commander 2014,211,Near Mint,English,,,,,,,,0
1,0,Profane Command,Duel Decks: Ajani vs. Nicol Bolas,70,Near Mint,English,,,,,,,,0
1,0,Prophetic Prism,Commander,256,Near Mint,English,,,,,,,,0
1,0,Providence,Eldritch Moon,37,Near Mint,English,,,,,,,,
1,0,Psychogenic Probe,Mirrodin,231,Near Mint,English,,,,,,,,
1,0,Psychosis Crawler,Mirrodin Besieged,126,Near Mint,English,foil,,,,,,,0
1,0,Pulmonic Sliver,Time Spiral,36,Near Mint,English,,,,,,,,
1,0,Pulse of the Forge,Darksteel,66,Near Mint,English,,,,,,,,0
1,0,Punishing Fire,Zendikar,142,Near Mint,English,,,,,,,,
1,0,Quick Sliver,Premium Deck Series: Slivers,10,Near Mint,English,foil,,,,,,,0
1,0,Quicksmith Spy,Aether Revolt,41,Near Mint,English,,,,,,,,
1,0,Quilled Sliver,Time Spiral,37,Near Mint,English,,,,,,,,
1,0,Rakdos Carnarium,Archenemy,132,Near Mint,English,,,,,,,,0
1,0,Rakdos Cluestone,Dragon's Maze,143,Near Mint,English,,,,,,,,
1,0,Rakdos Guildgate,Commander 2013,314,Near Mint,English,,,,,,,,0
1,0,Rakdos Guildgate,Dragon's Maze,154,Near Mint,English,,,,,,,,0
1,0,Rampaging Baloths,Commander 2014,212,Near Mint,English,,,,,,,,0
1,0,Rampant Growth,Commander 2015,199,Near Mint,English,,,,,,,,0
1,0,Rampant Growth,Magic 2012,190,Near Mint,English,,,,,,,,0
1,0,Rapid Hybridization,Commander 2015,102,Near Mint,English,,,,,,,,
1,0,Razormane Masticore,Duel Decks: Elspeth vs. Tezzeret,56,Near Mint,English,,,,,,,,0
1,0,Razormane Masticore,Fifth Dawn,146,Near Mint,English,,,,,,,,0
1,0,Reaper from the Abyss,Innistrad,112,Near Mint,English,,,,,,,,0
1,0,Reckless Racer,Aether Revolt,95,Near Mint,English,,,,,,,,
1,0,Reclaim,Magic 2012,191,Near Mint,English,,,,,,,,0
1,0,Reclamation Sage,Commander 2014,213,Near Mint,English,,,,,,,,0
1,0,Red Sun's Zenith,Mirrodin Besieged,74,Near Mint,English,,,,,,,,0
1,0,Redirect,Magic 2011,71,Near Mint,English,,,,,,,,0
2,0,Redirect,Magic 2013,64,Near Mint,English,,,,,,,,
1,0,Reflecting Pool,Shadowmoor,278,Near Mint,English,,,,,,,,
1,0,Reflex Sliver,Planar Chaos,138,Near Mint,English,,,,,,,,
1,0,Reliquary Tower,Commander 2015,301,Near Mint,English,,,,,,,,0
1,0,Reliquary Tower,Conflux,143,Near Mint,English,,,,,,,,0
1,0,Renegade Map,Aether Revolt,173,Near Mint,English,,,,,,,,
1,0,Renounce the Guilds,Dragon's Maze,5,Near Mint,English,,,,,,,,
1,0,Repeal,Duel Decks: Speed vs. Cunning,72,Near Mint,English,,,,,,,,0
1,0,Requiem Angel,Dark Ascension,18,Near Mint,English,,,,,,,,
1,0,Retether,Planar Chaos,13,Near Mint,English,,,,,,,,
1,0,Return to Dust,Commander,28,Near Mint,English,,,,,,,,0
1,0,Reverberate,Magic 2013,145,Near Mint,English,,,,,,,,
1,0,Ride Down,Khans of Tarkir,194,Near Mint,English,,,,,,,,0
1,0,Ride Down,Eldritch Moon,188,Near Mint,English,,,,,,,,
1,0,Ride Down,Eldritch Moon,188,Near Mint,English,foil,,,,,,,0
1,0,Rite of Replication,Zendikar,61,Near Mint,English,,,,,,,,0
1,0,Rite of the Raging Storm,Commander 2015,30,Near Mint,English,,,,,,,,0
1,0,Rites of Flourishing,Magic 2012,192,Near Mint,English,,,,,,,,0
1,0,River Boa,Zendikar,180,Near Mint,English,foil,,,,,,,0
1,0,Rooftop Storm,Innistrad,71,Near Mint,English,,,,,,,,
1,0,Rootbound Crag,Premium Deck Series: Slivers,32,Near Mint,English,foil,,,,,,,0
1,0,Rootbound Crag,Magic 2011,227,Near Mint,English,,,,,,,,0
1,0,Rough // Tumble,Commander 2013,118,Near Mint,English,,,,,,,,0
1,0,Rugged Highlands,Khans of Tarkir,240,Near Mint,English,,,,,,,,0
1,0,Rupture Spire,Premium Deck Series: Slivers,33,Near Mint,English,foil,,,,,,,0
1,0,Rupture Spire,Commander,285,Near Mint,English,,,,,,,,0
1,0,Sakura-Tribe Elder,Commander 2013,168,Near Mint,English,,,,,,,,0
1,0,Sakura-Tribe Elder,Commander 2015,200,Near Mint,English,,,,,,,,0
2,0,Salvaging Station,Fifth Dawn,148,Near Mint,English,,,,,,,,
1,0,Sanctifier of Souls,Eldritch Moon,39,Near Mint,English,,,,,,,,
1,0,Sangromancer,Mirrodin Besieged,53,Near Mint,English,,,,,,,,0
1,0,Sanguimancy,Born of the Gods,81,Near Mint,English,,,,,,,,
1,0,Sanguine Bond,Magic 2010,111,Near Mint,English,,,,,,,,0
1,0,Savage Twister,Commander,222,Near Mint,English,,,,,,,,0
2,0,Scatter to the Winds,Battle for Zendikar,85,Near Mint,English,,,,,,,,
1,0,Scourge of Fleets,Duel Decks: Elspeth vs. Kiora,41,Near Mint,English,,,,,,,,0
1,0,Scytheclaw,Commander 2015,53,Near Mint,English,,,,,,,,
1,0,Sedge Scorpion,Theros,177,Near Mint,English,foil,,,,,,,0
1,0,Sedge Sliver,Time Spiral,177,Near Mint,English,,,,,,,,
1,0,Seer's Sundial,Commander 2014,267,Near Mint,English,,,,,,,,0
1,0,Seer's Sundial,Commander 2015,264,Near Mint,English,,,,,,,,0
1,0,Sejiri Refuge,Zendikar,224,Near Mint,English,,,,,,,,
1,0,Selective Memory,Worldwake,37,Near Mint,English,foil,,,,,,,0
1,0,Serra Ascendant,Magic 2011,28,Near Mint,English,,,,,,,,0
1,0,Shadow Sliver,Time Spiral,76,Near Mint,English,,,,,,,,
1,0,Shape Anew,Scars of Mirrodin,43,Near Mint,English,,,,,,,,
1,0,Sharding Sphinx,Shards of Alara,55,Near Mint,English,,,,,,,,
1,0,"Sheoldred, Whispering One",Prerelease Events,49,Near Mint,English,,,,,,,,0
1,0,Shifting Sliver,Legions,52,Near Mint,English,,,,,,,,
1,0,Shimmering Grotto,Innistrad,246,Near Mint,English,,,,,,,,0
1,0,Sickening Dreams,Premium Deck Series: Graveborn,18,Near Mint,English,foil,,,,,,,0
1,0,Sidewinder Sliver,Time Spiral,41,Near Mint,English,,,,,,,,
1,0,Siege Behemoth,Commander 2014,46,Near Mint,English,,,,,,,,
1,0,Simic Growth Chamber,Commander,288,Near Mint,English,,,,,,,,0
1,0,Simic Growth Chamber,Commander 2015,305,Near Mint,English,,,,,,,,0
1,0,Simic Guildgate,Commander 2015,306,Near Mint,English,,,,,,,,
1,0,Simic Keyrune,Commander 2015,265,Near Mint,English,,,,,,,,
1,0,Simic Manipulator,Gatecrash,50,Near Mint,English,,,,,,,,
1,0,Simic Signet,Commander,259,Near Mint,English,,,,,,,,0
1,0,Simic Signet,Commander 2015,266,Near Mint,English,,,,,,,,0
1,0,Simic Sky Swallower,Commander,226,Near Mint,English,,,,,,,,0
1,0,Sinew Sliver,Planar Chaos,30,Near Mint,English,,,,,,,,
1,0,Skullclamp,Commander 2014,268,Near Mint,English,,,,,,,,0
1,0,Skullclamp,Commander 2016,271,Near Mint,English,,,,,,,,0
1,0,Skullclamp,Darksteel,140,Near Mint,English,,,,,,,,0
1,0,Skullwinder,Commander 2015,39,Near Mint,English,,,,,,,,
1,0,Skyshroud Claim,Nemesis,117,Near Mint,English,,,,,,,,0
1,0,Slippery Karst,Commander 2014,311,Near Mint,English,,,,,,,,0
1,0,Sliver Legion,Future Sight,158,Near Mint,English,,,,,,,,
1,0,Sliver Overlord,Premium Deck Series: Slivers,24,Near Mint,English,foil,,,,,,,0
1,0,Smothering Abomination,Battle for Zendikar,99,Near Mint,English,,,,,,,,0
1,0,Snakeform,Commander 2015,242,Near Mint,English,,,,,,,,
1,0,Snapcaster Mage,Innistrad,78,Near Mint,English,,,,,,,,
1,0,Soaring Seacliff,Zendikar,225,Near Mint,English,,,,,,,,
1,0,Sol Ring,Commander,261,Near Mint,English,,,,,,,,0
1,0,Sol Ring,Commander 2013,259,Near Mint,English,,,,,,,,0
1,0,Sol Ring,Commander 2014,270,Near Mint,English,,,,,,,,0
2,0,Sol Ring,Commander 2015,268,Near Mint,English,,,,,,,,0
1,0,Solemn Simulacrum,Commander 2015,269,Near Mint,English,,,,,,,,0
1,0,Song of the Dryads,Commander 2014,47,Near Mint,English,,,,,,,,
1,0,Sorin Markov,Zendikar,111,Near Mint,English,,,,,,,,0
1,0,Sorin's Vengeance,Magic 2012,111,Near Mint,English,,,,,,,,
1,0,Soul of the Harvest,Commander 2014,215,Near Mint,English,,,,,,,,0
1,0,Spawnsire of Ulamog,Rise of the Eldrazi,11,Near Mint,English,,,,,,,,
1,0,Spell Crumple,Commander,63,Near Mint,English,,,,,,,,
1,0,Sphinx of Magosi,Rise of the Eldrazi,89,Near Mint,English,,,,,,,,
1,0,Sphinx of Uthuun,Duel Decks: Speed vs. Cunning,59,Near Mint,English,,,,,,,,0
1,0,Sphinx-Bone Wand,Rise of the Eldrazi,225,Near Mint,English,,,,,,,,
1,0,Spiketail Hatchling,Eighth Edition,102,Near Mint,English,,,,,,,,0
1,0,Spine of Ish Sah,Commander 2013,260,Near Mint,English,,,,,,,,0
1,0,Spined Sliver,Premium Deck Series: Slivers,14,Near Mint,English,foil,,,,,,,0
1,0,Spinneret Sliver,Time Spiral,219,Near Mint,English,,,,,,,,
1,0,Spirit of the Hearth,Eventide,14,Near Mint,English,,,,,,,,
1,0,Spitebellows,Commander,135,Near Mint,English,,,,,,,,0
1,0,Spitting Sliver,Planar Chaos,80,Near Mint,English,,,,,,,,
1,0,Splinter Twin,Rise of the Eldrazi,165,Near Mint,English,,,,,,,,0
1,0,Staff of Nin,Commander 2015,270,Near Mint,English,,,,,,,,0
1,0,Stalking Vengeance,Commander 2013,121,Near Mint,English,,,,,,,,0
1,0,Steel Overseer,Duel Decks: Elspeth vs. Tezzeret,44,Near Mint,English,,,,,,,,0
1,0,Steelshaper's Gift,Fifth Dawn,19,Near Mint,English,,,,,,,,
1,0,Stitcher's Graft,Eldritch Moon,200,Near Mint,English,,,,,,,,
1,0,Stromkirk Captain,Dark Ascension,143,Near Mint,English,,,,,,,,
1,0,Stronghold Assassin,Commander 2013,93,Near Mint,English,,,,,,,,0
1,0,Summoning Station,Fifth Dawn,158,Near Mint,English,,,,,,,,
1,0,Sun Titan,Commander 2015,82,Near Mint,English,,,,,,,,0
1,0,Sunder,Urza's Saga,101,Near Mint,English,,,,,,,,
1,0,Sunpetal Grove,Magic 2011,228,Near Mint,English,,,,,,,,0
2,0,Surrakar Spellblade,Rise of the Eldrazi,90,Near Mint,English,,,,,,,,0
1,0,Swamp,Zendikar,238,Near Mint,English,,,,,,,,0
1,0,Swamp,Zendikar,239,Near Mint,English,,,,,,,,0
2,0,Swamp,Zendikar,240,Near Mint,English,,,,,,,,0
3,0,Swamp,Zendikar,241,Near Mint,English,,,,,,,,0
1,0,Swamp,Battle for Zendikar,261,Near Mint,English,,,,,,,,0
3,0,Swamp,Battle for Zendikar,262,Near Mint,English,,,,,,,,0
1,0,Swamp,Battle for Zendikar,262,Near Mint,English,foil,,,,,,,0
1,0,Swiftfoot Boots,Commander 2013,263,Near Mint,English,,,,,,,,0
1,0,Swiftfoot Boots,Commander 2014,275,Near Mint,English,,,,,,,,0
1,0,Swiftfoot Boots,Commander 2015,271,Near Mint,English,,,,,,,,0
1,0,Swiftfoot Boots,Magic 2012,219,Near Mint,English,,,,,,,,0
1,0,Sword of Vengeance,Commander 2015,272,Near Mint,English,,,,,,,,
1,0,Swords to Plowshares,Duel Decks: Elspeth vs. Tezzeret,22,Near Mint,English,,,,,,,,0
1,0,Sylvan Offering,Commander 2014,48,Near Mint,English,,,,,,,,
1,0,Sylvan Ranger,Commander 2014,216,Near Mint,English,,,,,,,,0
1,0,Synchronous Sliver,Planar Chaos,48,Near Mint,English,,,,,,,,
1,0,Synthetic Destiny,Commander 2015,15,Near Mint,English,,,,,,,,
1,0,Take Possession,Future Sight,44,Near Mint,English,,,,,,,,
1,0,Tangleroot,Mirrodin,259,Near Mint,English,,,,,,,,
1,0,Temple Bell,Magic 2011,217,Near Mint,English,,,,,,,,0
1,0,Temple of the False God,Duel Decks: Elspeth vs. Kiora,59,Near Mint,English,,,,,,,,0
2,0,Temple of the False God,Commander,290,Near Mint,English,,,,,,,,0
1,0,Temple of the False God,Commander 2013,327,Near Mint,English,,,,,,,,0
1,0,Tempt with Vengeance,Commander 2013,125,Near Mint,English,,,,,,,,0
2,0,Terminate,Alara Reborn,46,Near Mint,German,,,,,,,,0
2,0,Terramorphic Expanse,Premium Deck Series: Slivers,34,Near Mint,English,foil,,,,,,,0
1,0,Terramorphic Expanse,Duel Decks: Speed vs. Cunning,74,Near Mint,English,,,,,,,,0
1,0,Terramorphic Expanse,Commander 2014,315,Near Mint,English,,,,,,,,0
1,0,Terramorphic Expanse,Tenth Edition,360,Near Mint,German,,,,,,,,0
1,0,"Thada Adel, Acquisitor",Worldwake,40,Near Mint,English,,,,,,,,
1,0,Thalia's Lancers,Eldritch Moon,47,Near Mint,English,,,,,,,,
1,0,Thelonite Hermit,Commander 2015,205,Near Mint,English,,,,,,,,0
1,0,Thornweald Archer,Commander 2014,219,Near Mint,English,,,,,,,,0
1,0,Thornwood Falls,Commander 2015,315,Near Mint,English,,,,,,,,0
2,0,Thought Vessel,Commander 2015,55,Near Mint,English,,,,,,,,
1,0,Thousand Winds,Duel Decks: Speed vs. Cunning,58,Near Mint,English,,,,,,,,0
1,0,Thousand Winds,Khans of Tarkir,58,Near Mint,English,,,,,,,,
1,0,Thunderfoot Baloth,Commander 2014,49,Near Mint,English,,,,,,,,0
1,0,Timberwatch Elf,Commander 2014,220,Near Mint,English,,,,,,,,0
1,0,Titan Forge,Mirrodin Besieged,141,Near Mint,English,,,,,,,,
1,0,Titania's Chosen,Commander 2014,221,Near Mint,English,,,,,,,,0
1,0,"Titania, Protector of Argoth",Commander 2014,50,Near Mint,English,,,,,,,,0
1,0,Toolcraft Exemplar,Kaladesh,32,Near Mint,English,,,,,,,,
1,0,Tormenting Voice,Khans of Tarkir,123,Near Mint,English,foil,,,,,,,0
1,0,Tornado Elemental,Commander 2014,222,Near Mint,English,,,,,,,,0
1,0,Tower of Fortunes,Mirrodin,267,Near Mint,English,,,,,,,,
1,0,Toxin Sliver,Legions,84,Near Mint,English,,,,,,,,
1,0,Tragic Slip,Dark Ascension,76,Near Mint,English,,,,,,,,0
1,0,Tranquil Thicket,Commander 2014,316,Near Mint,English,,,,,,,,0
3,0,Traumatize,Magic 2011,77,Near Mint,English,,,,,,,,0
1,0,Traveler's Amulet,Innistrad,234,Near Mint,English,,,,,,,,0
1,0,Triskelion,Duel Decks: Elspeth vs. Tezzeret,57,Near Mint,English,,,,,,,,0
1,0,Triskelion,Mirrodin,269,Near Mint,English,,,,,,,,0
1,0,Triskelion,Magic 2011,218,Near Mint,English,,,,,,,,
1,0,Triumph of the Hordes,New Phyrexia,123,Near Mint,English,,,,,,,,
1,0,Trygon Predator,Commander 2015,236,Near Mint,English,,,,,,,,0
1,0,Two-Headed Sliver,Time Spiral,183,Near Mint,English,foil,,,,,,,0
1,0,Undead Alchemist,Innistrad,84,Near Mint,English,,,,,,,,
1,0,Unruly Mob,Shadows over Innistrad,47,Near Mint,English,,,,,,,,
1,0,Unwinding Clock,New Phyrexia,164,Near Mint,English,,,,,,,,
1,0,Urban Evolution,Duel Decks: Elspeth vs. Kiora,57,Near Mint,English,,,,,,,,0
1,0,"Urborg, Tomb of Yawgmoth",Planar Chaos,165,Near Mint,English,,,,,,,,0
1,0,Urza's Armor,Eighth Edition,318,Near Mint,English,,,,,,,,
1,0,Urza's Incubator,Commander 2015,273,Near Mint,English,,,,,,,,
1,0,Utter End,Khans of Tarkir,210,Near Mint,English,,,,,,,,0
1,0,Vampire Hexmage,Zendikar,114,Near Mint,English,,,,,,,,
2,0,Vampire Nighthawk,WPN/Gateway,33,Near Mint,English,foil,,,,,,,0
1,0,Vampire Nocturnus,Prerelease Events,41,Near Mint,English,foil,,,,,,,0
1,0,Vault of the Archangel,Dark Ascension,158,Near Mint,English,,,,,,,,0
1,0,Vein Drinker,Shards of Alara,91,Near Mint,English,,,,,,,,
1,0,Verdant Confluence,Commander 2015,40,Near Mint,English,,,,,,,,
1,0,Victory's Herald,Commander 2015,83,Near Mint,English,,,,,,,,
1,0,Viridian Joiner,Mirrodin,138,Near Mint,English,,,,,,,,
1,0,Viscera Seer,Commander 2013,99,Near Mint,English,,,,,,,,0
1,0,Vivid Creek,Premium Deck Series: Slivers,35,Near Mint,English,foil,,,,,,,0
1,0,Vivid Creek,Commander,294,Near Mint,English,,,,,,,,0
1,0,Vivid Creek,Commander 2015,317,Near Mint,English,,,,,,,,
1,0,Vivid Grove,Premium Deck Series: Slivers,36,Near Mint,English,foil,,,,,,,0
1,0,Vivid Grove,Commander,295,Near Mint,English,,,,,,,,0
1,0,Vivid Grove,Commander 2015,318,Near Mint,English,,,,,,,,
1,0,Vivisection,Mirrodin Besieged,38,Near Mint,English,,,,,,,,
1,0,Vizzerdrix,Eighth Edition,5,Near Mint,English,,,,,,,,0
1,0,Voidslime,Dissension,137,Near Mint,English,,,,,,,,
1,0,Vorel of the Hull Clade,Dragon's Maze,115,Near Mint,English,,,,,,,,0
1,0,Ward Sliver,Legions,25,Near Mint,English,foil,,,,,,,0
1,0,Warstorm Surge,Commander 2015,171,Near Mint,English,,,,,,,,0
1,0,Warstorm Surge,Magic 2012,160,Near Mint,English,,,,,,,,0
1,0,Wave of Vitriol,Commander 2014,51,Near Mint,English,,,,,,,,0
1,0,Weathered Bodyguards,Time Spiral,46,Near Mint,English,,,,,,,,
1,0,Wellwisher,Commander 2014,223,Near Mint,English,,,,,,,,0
1,0,Whelming Wave,Duel Decks: Elspeth vs. Kiora,44,Near Mint,English,,,,,,,,0
1,0,Whirlwind,Commander 2014,224,Near Mint,English,,,,,,,,0
2,0,Whispersilk Cloak,Magic 2011,221,Near Mint,English,,,,,,,,0
1,0,Wild Pair,Premium Deck Series: Slivers,30,Near Mint,English,foil,,,,,,,0
1,0,Willbender,Duel Decks: Speed vs. Cunning,47,Near Mint,English,,,,,,,,0
1,0,Wind-Scarred Crag,Commander 2015,321,Near Mint,English,,,,,,,,0
1,0,Winged Coatl,Alara Reborn,105,Near Mint,English,foil,,,,,,,0
1,0,Winged Sliver,Premium Deck Series: Slivers,4,Near Mint,English,foil,,,,,,,0
1,0,Wood Elves,Commander 2014,226,Near Mint,English,,,,,,,,0
1,0,Wooded Foothills,Khans of Tarkir,249,Near Mint,English,,,,,,,,0
1,0,Worn Powerstone,Duel Decks: Phyrexia vs. the Coalition,24,Near Mint,English,,,,,,,,0
1,0,Wound Reflection,Shadowmoor,81,Near Mint,English,,,,,,,,
1,0,Wrath of God,Eighth Edition,58,Near Mint,English,,,,,,,,0
1,0,Wren's Run Packmaster,Commander 2014,227,Near Mint,English,,,,,,,,0
1,0,Wren's Run Vanquisher,Lorwyn,245,Near Mint,English,,,,,,,,
1,0,Yavimaya Hollow,Urza's Destiny,143,Near Mint,English,,,,,,,,
1,0,Zoetic Cavern,Commander 2015,322,Near Mint,English,,,,,,,,




